{"train/loss": 4.6906, "train/grad_norm": 5.4269866943359375, "train/learning_rate": 9.940000000000001e-06, "train/epoch": 0.002101698873255882, "train/global_step": 18, "_timestamp": 1720810949.449463, "_runtime": 73.55214500427246, "_step": 17}