{"train/loss": 4.7046, "train/grad_norm": 4.002830982208252, "train/learning_rate": 9.963333333333333e-06, "train/epoch": 0.0012843715336563722, "train/global_step": 11, "_timestamp": 1720810812.639773, "_runtime": 45.807153940200806, "_step": 10}