{"train/loss": 0.0, "train/grad_norm": NaN, "train/learning_rate": 9.993333333333333e-06, "train/epoch": 0.0007005560663776873, "train/global_step": 2, "_timestamp": 1720810539.223483, "_runtime": 168.46433115005493, "_step": 1}