{"train/loss": 0.0, "train/grad_norm": NaN, "train/learning_rate": 0.000996, "train/epoch": 0.004203336398266123, "train/global_step": 12, "_timestamp": 1720809870.6216235, "_runtime": 59.20707654953003, "_step": 11}