{"train/loss": 0.0, "train/grad_norm": NaN, "train/learning_rate": 0.00099, "train/epoch": 0.010508340995665309, "train/global_step": 30, "_timestamp": 1720807886.8238363, "_runtime": 138.63400721549988, "_step": 2}