{"train/loss": 0.0, "train/grad_norm": NaN, "train/learning_rate": 0.0009933333333333333, "train/epoch": 0.007005560663776873, "train/global_step": 20, "_timestamp": 1720809573.4493055, "_runtime": 95.32165360450745, "_step": 19}