{"train/loss": 0.0, "train/grad_norm": NaN, "train/learning_rate": 9.986666666666667e-06, "train/epoch": 0.0014011121327553745, "train/global_step": 4, "_timestamp": 1720810090.9903393, "_runtime": 21.785020351409912, "_step": 3}